{"cameraMode":{"drawMode":0,"name":"Shaded","section":"Shading Mode"},"sceneLighting":false,"audioPlay":false,"sceneViewState":{"showFog":true,"showMaterialUpdate":false,"showSkybox":false,"showFlares":true,"showImageEffects":true,"showParticleSystems":true},"in2DMode":false,"pivot":{"x":0.940423309803009,"y":2.2705843448638918,"z":0.649131178855896},"rotation":{"x":0.07982030510902405,"y":-0.3070331811904907,"z":0.025851178914308549,"w":0.9480090141296387},"size":5.186718463897705,"orthographic":false}